{
   "0": {
       "betaVector": [
           53808.0231111481,
           -200.78729213117288,
           1137.02894621229
       ],
       "degreesOfFreedom": 70,
       "pValue": [
           0,
           0,
           0.00001726423170023139
       ],
       "pValueOriginal": [
           0,
           0,
           0.000004560160036248817
       ],
       "rSquared": 0.7375554323348952,
       "rSquaredOriginal": 0.7688306930182345,
       "tValue": [
           64.58415324004045,
           -11.772217031854714,
           4.615627062743062
       ],
       "tValueOriginal": [
           69.39070310367434,
           -13.98283780170843,
           4.970612404639742
       ]
   },
   "1": {
       "betaVector": [
           52914.33738284423,
           -159.4451870204676,
           1112.937475445557
       ],
       "degreesOfFreedom": 47,
       "pValue": [
           0,
           4.218847493575595e-15,
           0.00011147701033276114
       ],
       "pValueOriginal": [
           0,
           5.5067062021407764e-14,
           0.00006739709068992461
       ],
       "rSquared": 0.7138229290595608,
       "rSquaredOriginal": 0.7395061805996028,
       "tValue": [
           74.3943567054177,
           -11.371379826744558,
           4.217791209336897
       ],
       "tValueOriginal": [
           77.32263285478648,
           -10.550922049101857,
           4.373493728459357
       ]
   },
   "complete": true,
   "global": {
       "betaVector": [
           53361.18024699616,
           -180.11623957582026,
           1124.9832108289236
       ],
       "degreesOfFreedom": 120,
       "pValue": [
           0,
           0,
           4.94114815730029e-9
       ],
       "rSquared": 0.7597843774873518,
       "tValue": [
           100.2114128273842,
           -17.12579079840267,
           6.306626869077067
       ]
   }
}
